match_id,largest_positive_swing,largest_negative_swing,largest_absolute_swing,delivery_of_largest_swing,chasing_team_won
1172509,1.0,-0.2712,1.0,"Over 19.6 (SW Poynter vs PA van Meekeren, 6r, wkt=0)",1
1434160,0.9999,-0.185,0.9999,"Over 19.7 (JA Fitzgerald vs S Vashisht, 6r, wkt=0)",1
1529147,0.9999,-0.2223,0.9999,"Over 19.7 (DO Leicher vs JJ Davidson, 6r, wkt=0)",1
1526845,0.9998,-0.1301,0.9998,"Over 19.6 (L Nyarko vs Sami Sohail, 4r, wkt=0)",1
1133823,0.9996,-0.2308,0.9996,"Over 19.7 (KD Karthik vs Soumya Sarkar, 6r, wkt=0)",1
1370904,0.9995,-0.1569,0.9995,"Over 19.6 (Chan Ka Man vs KKN Egodage, 4r, wkt=0)",1
1321287,0.999,-0.1112,0.999,"Over 19.7 (Ali Nayyer vs G Mckeon, 4r, wkt=0)",1
1331395,0.9988,-0.2167,0.9988,"Over 19.7 (Vaishnave Mahesh vs N Sibanda, 4r, wkt=0)",1
1331402,0.9983,-0.132,0.9983,"Over 19.5 (S Dharnidharka vs Snigdha Paul, 2r, wkt=0)",1
546473,0.9981,-0.2431,0.9981,"Over 19.6 (R Flannigan vs Rizwan Cheema, 4r, wkt=0)",1
1477611,0.1722,-0.9955,0.9955,"Over 9.3 (JF Smith vs S Joseph, 4r, wkt=0)",0
1144990,0.1181,-0.9953,0.9953,"Over 15.7 (KD Karthik vs AJ Tye, 4r, wkt=0)",0
1476993,0.9946,-0.5267,0.9946,"Over 19.6 (J Maguire vs Sadia Iqbal, 6r, wkt=0)",1
1472526,0.9917,-0.2364,0.9917,"Over 19.7 (JO Holder vs Shaheen Shah Afridi, 4r, wkt=0)",1
931398,0.9878,-0.1989,0.9878,"Over 19.5 (N Madziva vs Nasir Hossain, 6r, wkt=0)",1
1273133,0.9861,-0.1757,0.9861,"Over 19.7 (Qudratullah Mir Afzail vs Delawar Khan, 4r, wkt=0)",1
1133822,0.9834,-0.2501,0.9834,"Over 19.5 (Mahmudullah vs I Udana, 6r, wkt=0)",1
1249239,0.9819,-0.3449,0.9819,"Over 19.6 (ML Green vs NJ Carey, 4r, wkt=0)",1
1487704,0.9811,-0.1918,0.9811,"Over 19.6 (U Peace vs NN Saidi, 2r, wkt=0)",1
1041615,0.1268,-0.9736,0.9736,"Over 19.6 (MS Dhoni vs DJ Bravo, 0r, wkt=1)",0
1468732,0.9719,-0.1399,0.9719,"Over 19.6 (S Siegers vs P Maya, 2r, wkt=0)",1
1476154,0.9692,-0.1432,0.9692,"Over 19.5 (I Bist vs S Walaza, 3r, wkt=0)",1
1349131,0.1414,-0.9611,0.9611,"Over 14.6 (S Thakor vs M Akayezu, 4r, wkt=0)",0
1479934,0.9611,-0.3759,0.9611,"Over 19.6 (S Nampiina vs JA Diergaardt, 3r, wkt=0)",1
1391338,0.9583,-0.168,0.9583,"Over 19.5 (JA Fitzgerald vs D Robson, 6r, wkt=0)",1
1320986,0.9532,-0.3046,0.9532,"Over 19.6 (Shaheryar Butt vs Yasir Ali, 6r, wkt=0)",1
1532650,0.9519,-0.1632,0.9519,"Over 19.6 (A Nao vs SM Nash, 4r, wkt=0)",1
573672,0.9494,-0.4458,0.9494,"Over 19.6 (Ahsan Malik vs Abdur Razzak, 4r, wkt=0)",1
1539472,0.9456,-0.4608,0.9456,"Over 19.5 (Nooruddin Mujadady vs HAM Shah, 2r, wkt=0)",1
1436485,0.9422,-0.1478,0.9422,"Over 19.7 (Yair Nagavkar vs JAM Henri, 2r, wkt=0)",1
1388223,0.9414,-0.3363,0.9414,"Over 19.7 (TH David vs TG Southee, 4r, wkt=0)",1
1283021,0.9403,-0.2989,0.9403,"Over 19.6 (Devender Singh vs Z Bimenyimana, 6r, wkt=0)",1
1148063,0.9257,-0.402,0.9257,"Over 19.6 (Jahanara Alam vs H Kaur, 2r, wkt=0)",1
412699,0.9195,-0.7644,0.9195,"Over 19.6 (CK Kapugedera vs A Nehra, 6r, wkt=0)",1
1482829,0.919,-0.3145,0.919,"Over 19.5 (Elias Hasan vs Jaswinder Singh, 6r, wkt=0)",1
1282278,0.9174,-0.1424,0.9174,"Over 19.7 (KC D'Souza vs CJ Delany, 6r, wkt=0)",1
1186490,0.9172,-0.5425,0.9172,"Over 19.6 (WJ Malinda vs Md Shafiqul Haque, 2r, wkt=0)",1
1408103,0.9105,-0.5557,0.9105,"Over 19.6 (B Muzarabani vs BJ McCarthy, 2r, wkt=0)",1
1548123,0.9078,-0.2863,0.9078,"Over 19.7 (LN Oluoch vs Asif Shaikh, 2r, wkt=0)",1
690353,0.9059,-0.1601,0.9059,"Over 19.6 (SMSM Senanayake vs Farhad Reza, 4r, wkt=0)",1
1424757,0.9032,-0.1636,0.9032,"Over 19.6 (SA Okpe vs S Fouché, 6r, wkt=0)",1
1310983,0.9022,-0.1597,0.9022,"Over 19.6 (Bismah Maroof vs WK Dilhari, 2r, wkt=0)",1
1307295,0.9021,-0.2852,0.9021,"Over 19.7 (MD Shanaka vs KW Richardson, 6r, wkt=0)",1
1552909,0.8924,-0.4767,0.8924,"Over 19.6 (SO Ngoche vs I Ntirenganya, 6r, wkt=0)",1
1359802,0.8913,-0.2681,0.8913,"Over 19.6 (C Wright vs AAP Rivero, 2r, wkt=0)",1
1168247,0.8881,-0.1623,0.8881,"Over 19.6 (PJ Cummins vs UT Yadav, 2r, wkt=0)",1
531982,0.876,-0.3457,0.876,"Over 19.5 (Mushfiqur Rahim vs R Rampaul, 6r, wkt=0)",1
1172914,0.8617,-0.2053,0.8617,"Over 19.5 (Zhang Xiangxue vs Chan Ka Man, 2r, wkt=0)",1
800479,0.8599,-0.3083,0.8599,"Over 19.6 (CH Morris vs RJW Topley, 2r, wkt=0)",1
1488343,0.8573,-0.3971,0.8573,"Over 19.6 (Ahmadullah Shinwari vs J Stanigze, 4r, wkt=0)",1
